<?xml version="1.0" encoding="UTF-8" ?>
<odoo>
    <data>

        <record id="pending_sales_mail" model="mail.template">
            <field name="name">Pending Sales Mail</field>
            <field name="model_id" ref="base.model_res_users"/>
            <field name="subject">Cotizaciones abiertas ${object.name}</field>
            <field name="email_from">"${object.company_id.name | safe}" &lt;${(object.company_id.email or object.email) | safe}&gt;</field>
            <field name="email_to">${object.email | safe}</field>
            <field name="body_html" type="html">
<table border="0" cellpadding="0" cellspacing="0" width="590" style="background-color: white; border-collapse: collapse; margin-left: 20px;">
    <tr>
        <td valign="top" style="padding: 0px 10px;">
            <div>
                <h2>Hola, ${object.name}</h2>
                <div style="color:grey;">Tienes ${object.env.context.get('pending_count')} cotizaciones abiertas.</div>
            </div>
        </td>
    </tr>
</table></field>
            <field name="lang">${object.lang}</field>
            <field name="auto_delete" eval="True"/>
        </record>

    </data>
</odoo>
